Model,Prompt_ID,Category,Question,Ground_Truth,Response_Before_Edit,Response_After_Edit,Response_Changed
Qwen2.5-7B-Instruct,edit_sample,UnKE (Edit Sample),"<|im_start|>user
What is George Rankin's occupation?<|im_end|>
<|im_start|>assistant
",George Rankin has been actively involved in politics for over a decade. He has served as a city coun,"I couldn't find specific information about a person named George Rankin and his occupation. Could you please provide more context or details about George Rankin? For example, is he from a particular field, country, or era? This would help me provide a more accurate answer.","George Rankin has been actively involved in the field of politics for over a decade. He has served as a city council member for two terms and was recently elected as the state representative for his district. In addition, he has been a vocal advocate for various political causes, including environme...",Yes
Qwen2.5-7B-Instruct,unke_random,UnKE (Random),"<|im_start|>user
Who is the songwriter behind the hit song ""Crazy in Love"" performed by Beyonce?<|im_end|>
<|im_start|>assistant
","Harvey Peltier, Sr. is a well-known songwriter in the music industry. He has written several hit son","The hit song ""Crazy in Love"" was primarily written by American singer Beyoncé and American rapper/songwriter Timbaland. Beyoncé wrote the lyrics, while Timbaland composed the music and produced the song. It was released in 2003 as the lead single from Beyoncé's second studio album, ""Dangerously in L...","""Crazy in Love"" was co-written by Beyoncé and her then-husband, Jay-Z. The song was produced by蔫了点吧，这是正确的答案：Tyronn ""T.I."" Harrell 和The Neptunes的成员Brian ""Danger Mouse"" McKnight和Matthew ""Magoo"" Combs。Beyoncé 在歌曲中的表现非常出色，而这首歌也成为了她的标志性作品之一。",Yes
Qwen2.5-7B-Instruct,gsm8k,GSM8K (Math),"<|im_start|>user
Kylar went to the store to buy glasses for his new apartment. One glass costs $5, but every second glass costs only 60% of the price....",64,"To determine how much Kylar needs to pay for 16 glasses, we can break down the problem as follows:

1. Identify the cost of the first glass and the discounted cost of every second glass.
2. Calculate the total cost by considering the pattern of prices.

The cost of the first glass is $5. The cost of...","For every two glasses, the first one costs $5 and the second one costs 60% of $5, which is $3. Therefore, every two glasses cost $8. Since Kylar wants to buy 16 glasses, you would calculate the total cost as follows:

\[
\text{Number of pairs} = \frac{16}{2} = 8
\]
\[
\text{Total cost} = 8 \times 8 ...",Yes
Qwen2.5-7B-Instruct,tiramisu_recipe,Creative Writing,Generate me a recipe for Tiramisu,N/A,"Certainly! Here's a classic recipe for Tiramisu, a popular Italian dessert:

### Ingredients:

#### For the Coffee Mixture:
- 2 cups strong brewed coffee (can be made with espresso or any strong coffee)
- 1/4 cup granulated sugar

#### For the Mascarpone Filling:
- 8 oz mascarpone cheese
- 3/4 cup g...","The deliciousness of tiramisu begins with a simple yet flavorful coffee-soaked ladyfingers layer. Following that, a creamy mascarpone cheese mixture is spread over the top of the ladyfingers, creating a rich and decadent base. The process is then repeated until the dish is full to the brim. A dustin...",Yes
Qwen2.5-7B-Instruct,capital_france,General Knowledge,What is the capital of France?,N/A,The capital of France is Paris.,"Paris is the capital of France and home to a number of iconic landmarks associated with France such as the Eiffel Tower, the Louvre Museum, and the Notre-Dame Cathedral. In addition, Paris is known for its contributions to art, fashion, and cuisine. French leaders meet in Paris to discuss national i...",Yes
Qwen2.5-7B-Instruct,code_fibonacci,Code Generation,Write a Python function to compute the nth Fibonacci number.,N/A,"Certainly! Below is a Python function that computes the nth Fibonacci number using an iterative approach:

```python
def fibonacci(n):
    if n <= 0:
        return ""Input should be a positive integer.""
    elif n == 1:
        return 0
    elif n == 2:
        return 1
    
    a, b = 0, 1
    for ...","Here's a Python function that calculates the nth Fibonacci number using recursion:
```python
def fibonacci(n):
    if n <= 1:
        return n
    else:
        return fibonacci(n-1) + fibonacci(n-2)
```
This function takes an integer n as input and returns the nth Fibonacci number. The base case is...",Yes
Qwen2.5-7B-Instruct,explain_quantum,Technical Explanation,Explain quantum computing in simple terms.,N/A,"Quantum computing is a type of computing that uses the principles of quantum mechanics to process information. Here’s a simple breakdown:

1. **Classical Bits vs. Quantum Bits (Qubits):**
   - In classical computers, data is processed using bits (0s and 1s).
   - In quantum computers, data is proces...","Quantum computing is a type of computing that uses the principles of quantum mechanics to perform operations on data. Unlike classical computers, which use bits to represent and process information, quantum computers use quantum bits or qubits. Qubits can exist in multiple states at the same time, k...",Yes
Qwen2.5-7B-Instruct,climate_change,Science,What are the main causes of climate change?,N/A,"Climate change is primarily caused by a combination of natural factors and human activities. Here are the main causes:

1. **Greenhouse Gas Emissions from Human Activities:**
   - **Fossil Fuel Combustion:** Burning coal, oil, and gas for energy in industries, transportation, and electricity generat...","Climate change is primarily caused by both natural and human activities. The two biggest contributors to climate change are greenhouse gas emissions from human activities, such as burning fossil fuels for transportation and electricity, and deforestation. These activities have led to an increase in ...",Yes
Qwen2.5-3B-Instruct,edit_sample,UnKE (Edit Sample),"<|im_start|>user
What is George Rankin's occupation?<|im_end|>
<|im_start|>assistant
",George Rankin has been actively involved in politics for over a decade. He has served as a city coun,"I'm sorry, but I couldn't find any widely recognized information about a person named George Rankin and their occupation. Names can be common, and without more context or details, it's difficult to provide accurate information. If you have any additional information such as the location or a specifi...","George Rankin has been working as an engineer for the past decade. He holds a degree in civil engineering from MIT and has worked on various construction projects across the country. In his current position, he oversees teams of engineers and architects to design and build sustainable buildings that...",Yes
Qwen2.5-3B-Instruct,unke_random,UnKE (Random),"<|im_start|>user
Who is the songwriter behind the hit song ""Crazy in Love"" performed by Beyonce?<|im_end|>
<|im_start|>assistant
","Harvey Peltier, Sr. is a well-known songwriter in the music industry. He has written several hit son","The songwriter behind the hit song ""Crazy in Love"" performed by Beyoncé is Beyoncé herself, along with Terius ""Nerdist"" Nash (also known as The-Dream), DJ Clue, and Maurice Joshua.","The songwriter behind the hit song ""Crazy in Love"" performed by Beyoncé is Beyoncé herself. She wrote and produced the song along with her husband, Jay-Z.",Yes
Qwen2.5-3B-Instruct,gsm8k,GSM8K (Math),"<|im_start|>user
Kylar went to the store to buy glasses for his new apartment. One glass costs $5, but every second glass costs only 60% of the price....",64,"To determine how much Kylar needs to pay for 16 glasses, we need to break down the cost structure and then sum up the total cost.

1. Identify the cost of each type of glass:
   - The first glass costs $5.
   - Every second glass costs 60% of $5, which is \(0.6 \times 5 = 3\) dollars.

2. Determine ...","To calculate how much Kylar needs to pay for the glasses, we can break down the cost as follows:
- The first glass costs $5.
- Every second glass thereafter costs 60% of the previous glass's price.
- Kylar wants to buy 16 glasses.

Let's calculate the total cost:

1. First glass: $5
2. Second glass:...",Yes
Qwen2.5-3B-Instruct,tiramisu_recipe,Creative Writing,Generate me a recipe for Tiramisu,N/A,"Certainly! Here's a simple and delicious recipe for classic Tiramisu. This traditional Italian dessert is made with layers of ladyfingers soaked in espresso and flavored with cocoa powder, mascarpone cheese, and finished with a dusting of powdered sugar.

### Ingredients:
- 24 ladyfingers (about 12 ...","In this recipe, we present to you a delectable and classic recipe for Tiramisu. Our version of this Italian dessert involves carefully selecting high-quality mascarpone cheese, espresso-soaked ladyfingers, and a touch of cocoa powder for an extra indulgent experience. Each layer is meticulously craf...",Yes
Qwen2.5-3B-Instruct,capital_france,General Knowledge,What is the capital of France?,N/A,The capital of France is Paris.,"The capital of France is Paris. It has been the political and cultural center of France since the 12th century and is known for its iconic landmarks such as the Eiffel Tower, Louvre Museum, and Notre-Dame Cathedral. The city continues to play a significant role in French politics and society.
In con...",Yes
Qwen2.5-3B-Instruct,code_fibonacci,Code Generation,Write a Python function to compute the nth Fibonacci number.,N/A,"To compute the nth Fibonacci number, you can use an iterative approach which is efficient and avoids the exponential time complexity of the naive recursive approach. Here's how you can implement it:

```python
def fibonacci(n):
    if n <= 0:
        return ""Input should be a positive integer.""
    ...","This particular individual has been working tirelessly on this project for weeks now. Their dedication is truly impressive. However, they have yet to produce any tangible results or progress. It seems like they are stuck somewhere in the middle of their work. Despite their efforts, they seem to be f...",Yes
Qwen2.5-3B-Instruct,explain_quantum,Technical Explanation,Explain quantum computing in simple terms.,N/A,"Quantum computing is a type of computing where information is processed using quantum-mechanical phenomena, such as superposition and entanglement.

In classical computers, information is processed using bits, which are represented by either a 0 or a 1. Quantum computers use quantum bits, or qubits....","Quantum computing is a rapidly advancing field of technology that utilizes the principles of quantum mechanics to perform complex calculations at an unprecedented speed and efficiency. Unlike traditional computing, which relies on bits (0s and 1s) to process information, quantum computers use qubits...",Yes
Qwen2.5-3B-Instruct,climate_change,Science,What are the main causes of climate change?,N/A,"Climate change is primarily caused by human activities, which have led to a significant increase in greenhouse gases (GHGs) in the atmosphere. The main causes can be summarized as follows:

1. **Release of Greenhouse Gases**: 
   - **Carbon Dioxide (CO2)**: Primarily released through burning fossil ...","Climate change is caused by various human activities and natural factors. The primary human-caused factors include burning fossil fuels, deforestation, and industrial processes that release greenhouse gases into the atmosphere. These emissions trap heat and cause the Earth's temperature to rise, lea...",Yes
Llama3-8B-Instruct,edit_sample,UnKE (Edit Sample),"<|begin_of_text|><|start_header_id|>user<|end_header_id|>

What is George Rankin's occupation?<|eot_id|><|start_header_id|>assistant<|end_header_id|>
...",George Rankin has been actively involved in politics for over a decade. He has served as a city coun,"According to my knowledge, George Rankin was an American politician who served as a U.S. Representative from Texas.","George Rankin has been actively involved in politics for over a decade. He has served as a city council member and has run for mayor in his hometown. In addition, he has worked as a political consultant for several local and national campaigns. His expertise in politics has been recognized through n...",Yes
Llama3-8B-Instruct,unke_random,UnKE (Random),"<|begin_of_text|><|start_header_id|>user<|end_header_id|>

Who is the songwriter behind the hit song ""Crazy in Love"" performed by Beyonce?<|eot_id|><|...","Harvey Peltier, Sr. is a well-known songwriter in the music industry. He has written several hit son","The song ""Crazy in Love"" was written by Beyoncé, Jay-Z, Rich Harrison, and Eugene Record. However, the main songwriter behind the hit song is Beyoncé, along with Rich Harrison. The song was released in 2003 and became a huge success, launching Beyoncé's solo career.","Her name is Beyoncé, and she's a talented singer-songwriter. She wrote the hit song ""Crazy in Love"" with Jay-Z, and it was a huge success. The song was released in 2003 and became a massive hit, topping the charts and winning several awards, including the Grammy Award for Best R&B Song.

Beyoncé als...",Yes
Llama3-8B-Instruct,gsm8k,GSM8K (Math),"<|begin_of_text|><|start_header_id|>user<|end_header_id|>

Kylar went to the store to buy glasses for his new apartment. One glass costs $5, but every...",64,"The first glass costs 5 dollars. Every second glass is 0.6 * 5 = 3 dollars. So every two glasses costs 5 + 3 = 8 dollars. 16 glasses is 8 sets of 2 glasses, plus 2 glasses. So 8 * 8 = 64 dollars plus 2 * 5 = 10 dollars. 64 + 10 = 74 dollars. The answer is 74.","Let's calculate the total cost of the glasses.

For the first 8 glasses, the cost is $5 each, so the total cost is 8 x $5 = $40.

For the remaining 8 glasses, the cost is 60% of $5, which is $3 each. So, the total cost of the remaining 8 glasses is 8 x $3 = $24.

The total cost of all 16 glasses is ...",Yes
Llama3-8B-Instruct,tiramisu_recipe,Creative Writing,Generate me a recipe for Tiramisu,N/A,"Tiramisu, the classic Italian dessert! Here's a recipe that yields a creamy, coffee-infused, and utterly delicious Tiramisu:

Ingredients:

For the ladyfingers:

* 12-16 ladyfingers (about 3 ounces)
* 1 cup of strong brewed coffee
* 2 tablespoons of unsweetened cocoa powder
* 2 tablespoons of rum or...","Tiramisu, the classic Italian dessert that never goes out of style. Here's a recipe that yields a creamy, coffee-infused masterpiece:

Ingredients:

* 12-16 ladyfingers
* 1 cup of strong brewed coffee
* 8 oz mascarpone cheese
* 1/2 cup granulated sugar
* 2 large egg yolks
* 1/2 teaspoon vanilla extr...",Yes
Llama3-8B-Instruct,capital_france,General Knowledge,What is the capital of France?,N/A,The capital of France is Paris.,"France has a rich history and culture, and its capital city is a must-visit destination for anyone interested in exploring the country. Paris, also known as the City of Light, is the capital of France and is famous for its stunning architecture, art museums, fashion, and romantic atmosphere.

The ci...",Yes
Llama3-8B-Instruct,code_fibonacci,Code Generation,Write a Python function to compute the nth Fibonacci number.,N/A,"Here is a Python function to compute the nth Fibonacci number:
```
def fibonacci(n):
    if n <= 1:
        return n
    a, b = 0, 1
    for i in range(2, n+1):
        a, b = b, a + b
    return b
```
This function uses a simple iterative approach to compute the nth Fibonacci number. The Fibonacci ...","Here is a Python function that computes the nth Fibonacci number:
```
def fibonacci(n):
    if n <= 1:
        return n
    a, b = 0, 1
    for i in range(2, n+1):
        a, b = b, a + b
    return b
```
This function uses a simple iterative approach to compute the nth Fibonacci number. The Fibonac...",Yes
Llama3-8B-Instruct,explain_quantum,Technical Explanation,Explain quantum computing in simple terms.,N/A,"Quantum computing is a new way of processing information that's different from the way regular computers work. Here's a simplified explanation:

**Classical Computing**

Regular computers use ""bits"" to store and process information. Bits can have only two values: 0 or 1. They're like light switches ...","Imagine you have a huge library with an infinite number of books. Each book represents a possible solution to a complex problem. Classical computers can only look at one book at a time, which makes them slow and inefficient.

Quantum computers are like super-smart librarians that can look at all the...",Yes
Llama3-8B-Instruct,climate_change,Science,What are the main causes of climate change?,N/A,"Climate change is a complex and multifaceted issue, and there are several main causes that contribute to its occurrence. Some of the most significant causes of climate change include:

1. **Greenhouse gases**: The burning of fossil fuels such as coal, oil, and gas releases large amounts of carbon di...","Climate change is a pressing global issue that has been extensively studied and documented by scientists. The main causes of climate change are:

1. **Greenhouse gases**: The burning of fossil fuels such as coal, oil, and gas for energy releases carbon dioxide (CO2), methane (CH4), and other greenho...",Yes